Type,Status,Campaign,Ad Group,Keyword,Criterion Type,Max CPC,Headline 1,Headline 2,Headline 3,Headline 4,Headline 5,Description 1,Description 2,Final URL
Campaign,Enabled,[Search] ETNYX — Coaching ML Niat Tinggi,,,,,,,,,,,
Ad Group,Enabled,[Search] ETNYX — Coaching ML Niat Tinggi,ml-core,,,,,,,,,,
Keyword,Enabled,[Search] ETNYX — Coaching ML Niat Tinggi,ml-core,coaching ml,Broad,"2,500",,,,,,Raih rank lebih tinggi dengan bimbingan dari expert gaming profesional kami. Metode terbukti dan transparan.,Tingkatkan skill bermain dengan coaching personal dari booster berpengalaman. Jadilah versi terbaik dari diri Anda!,https://etnyx.com/order
Keyword,Enabled,[Search] ETNYX — Coaching ML Niat Tinggi,ml-core,mobile legends coaching,Broad,"2,500",,,,,,Raih rank lebih tinggi dengan bimbingan dari expert gaming profesional kami. Metode terbukti dan transparan.,Tingkatkan skill bermain dengan coaching personal dari booster berpengalaman. Jadilah versi terbaik dari diri Anda!,https://etnyx.com/order
Keyword,Enabled,[Search] ETNYX — Coaching ML Niat Tinggi,ml-core,coaching gaming profesional,Broad,"2,500",,,,,,Raih rank lebih tinggi dengan bimbingan dari expert gaming profesional kami. Metode terbukti dan transparan.,Tingkatkan skill bermain dengan coaching personal dari booster berpengalaman. Jadilah versi terbaik dari diri Anda!,https://etnyx.com/order
Keyword,Enabled,[Search] ETNYX — Coaching ML Niat Tinggi,ml-core,tingkatkan rank ml,Broad,"2,500",,,,,,Raih rank lebih tinggi dengan bimbingan dari expert gaming profesional kami. Metode terbukti dan transparan.,Tingkatkan skill bermain dengan coaching personal dari booster berpengalaman. Jadilah versi terbaik dari diri Anda!,https://etnyx.com/order
Keyword,Enabled,[Search] ETNYX — Coaching ML Niat Tinggi,ml-core,mentor gaming ml,Broad,"2,500",,,,,,Raih rank lebih tinggi dengan bimbingan dari expert gaming profesional kami. Metode terbukti dan transparan.,Tingkatkan skill bermain dengan coaching personal dari booster berpengalaman. Jadilah versi terbaik dari diri Anda!,https://etnyx.com/order
Ad Group,Enabled,[Search] ETNYX — Coaching ML Niat Tinggi,pelatihan-rank,,,,,,,,,,
Keyword,Enabled,[Search] ETNYX — Coaching ML Niat Tinggi,pelatihan-rank,coaching peningkatan rank,Broad,"2,500",,,,,,Raih rank lebih tinggi dengan bimbingan dari expert gaming profesional kami. Metode terbukti dan transparan.,Tingkatkan skill bermain dengan coaching personal dari booster berpengalaman. Jadilah versi terbaik dari diri Anda!,https://etnyx.com/order
Keyword,Enabled,[Search] ETNYX — Coaching ML Niat Tinggi,pelatihan-rank,pelatihan rank ml,Broad,"2,500",,,,,,Raih rank lebih tinggi dengan bimbingan dari expert gaming profesional kami. Metode terbukti dan transparan.,Tingkatkan skill bermain dengan coaching personal dari booster berpengalaman. Jadilah versi terbaik dari diri Anda!,https://etnyx.com/order
Keyword,Enabled,[Search] ETNYX — Coaching ML Niat Tinggi,pelatihan-rank,tingkatkan permainan ranking,Broad,"2,500",,,,,,Raih rank lebih tinggi dengan bimbingan dari expert gaming profesional kami. Metode terbukti dan transparan.,Tingkatkan skill bermain dengan coaching personal dari booster berpengalaman. Jadilah versi terbaik dari diri Anda!,https://etnyx.com/order
Keyword,Enabled,[Search] ETNYX — Coaching ML Niat Tinggi,pelatihan-rank,pelatihan skill gaming,Broad,"2,500",,,,,,Raih rank lebih tinggi dengan bimbingan dari expert gaming profesional kami. Metode terbukti dan transparan.,Tingkatkan skill bermain dengan coaching personal dari booster berpengalaman. Jadilah versi terbaik dari diri Anda!,https://etnyx.com/order
Keyword,Enabled,[Search] ETNYX — Coaching ML Niat Tinggi,pelatihan-rank,coaching ranking,Broad,"2,500",,,,,,Raih rank lebih tinggi dengan bimbingan dari expert gaming profesional kami. Metode terbukti dan transparan.,Tingkatkan skill bermain dengan coaching personal dari booster berpengalaman. Jadilah versi terbaik dari diri Anda!,https://etnyx.com/order
Ad Group,Enabled,[Search] ETNYX — Coaching ML Niat Tinggi,tier-spesifik,,,,,,,,,,
Keyword,Enabled,[Search] ETNYX — Coaching ML Niat Tinggi,tier-spesifik,coaching rank epic,Broad,"2,500",,,,,,Raih rank lebih tinggi dengan bimbingan dari expert gaming profesional kami. Metode terbukti dan transparan.,Tingkatkan skill bermain dengan coaching personal dari booster berpengalaman. Jadilah versi terbaik dari diri Anda!,https://etnyx.com/order
Keyword,Enabled,[Search] ETNYX — Coaching ML Niat Tinggi,tier-spesifik,pelatihan rank mythic,Broad,"2,500",,,,,,Raih rank lebih tinggi dengan bimbingan dari expert gaming profesional kami. Metode terbukti dan transparan.,Tingkatkan skill bermain dengan coaching personal dari booster berpengalaman. Jadilah versi terbaik dari diri Anda!,https://etnyx.com/order
Keyword,Enabled,[Search] ETNYX — Coaching ML Niat Tinggi,tier-spesifik,coaching tier ml,Broad,"2,500",,,,,,Raih rank lebih tinggi dengan bimbingan dari expert gaming profesional kami. Metode terbukti dan transparan.,Tingkatkan skill bermain dengan coaching personal dari booster berpengalaman. Jadilah versi terbaik dari diri Anda!,https://etnyx.com/order
Keyword,Enabled,[Search] ETNYX — Coaching ML Niat Tinggi,tier-spesifik,raih rank mythic,Broad,"2,500",,,,,,Raih rank lebih tinggi dengan bimbingan dari expert gaming profesional kami. Metode terbukti dan transparan.,Tingkatkan skill bermain dengan coaching personal dari booster berpengalaman. Jadilah versi terbaik dari diri Anda!,https://etnyx.com/order
Keyword,Enabled,[Search] ETNYX — Coaching ML Niat Tinggi,tier-spesifik,naik ranking game,Broad,"2,500",,,,,,Raih rank lebih tinggi dengan bimbingan dari expert gaming profesional kami. Metode terbukti dan transparan.,Tingkatkan skill bermain dengan coaching personal dari booster berpengalaman. Jadilah versi terbaik dari diri Anda!,https://etnyx.com/order
Ad Group,Enabled,[Search] ETNYX — Coaching ML Niat Tinggi,duo-coaching,,,,,,,,,,
Keyword,Enabled,[Search] ETNYX — Coaching ML Niat Tinggi,duo-coaching,duo gaming coaching,Broad,"2,500",,,,,,Raih rank lebih tinggi dengan bimbingan dari expert gaming profesional kami. Metode terbukti dan transparan.,Tingkatkan skill bermain dengan coaching personal dari booster berpengalaman. Jadilah versi terbaik dari diri Anda!,https://etnyx.com/order
Keyword,Enabled,[Search] ETNYX — Coaching ML Niat Tinggi,duo-coaching,sesi gaming tim,Broad,"2,500",,,,,,Raih rank lebih tinggi dengan bimbingan dari expert gaming profesional kami. Metode terbukti dan transparan.,Tingkatkan skill bermain dengan coaching personal dari booster berpengalaman. Jadilah versi terbaik dari diri Anda!,https://etnyx.com/order
Keyword,Enabled,[Search] ETNYX — Coaching ML Niat Tinggi,duo-coaching,coaching gaming partner,Broad,"2,500",,,,,,Raih rank lebih tinggi dengan bimbingan dari expert gaming profesional kami. Metode terbukti dan transparan.,Tingkatkan skill bermain dengan coaching personal dari booster berpengalaman. Jadilah versi terbaik dari diri Anda!,https://etnyx.com/order
Keyword,Enabled,[Search] ETNYX — Coaching ML Niat Tinggi,duo-coaching,belajar dari pro gamer,Broad,"2,500",,,,,,Raih rank lebih tinggi dengan bimbingan dari expert gaming profesional kami. Metode terbukti dan transparan.,Tingkatkan skill bermain dengan coaching personal dari booster berpengalaman. Jadilah versi terbaik dari diri Anda!,https://etnyx.com/order
Keyword,Enabled,[Search] ETNYX — Coaching ML Niat Tinggi,duo-coaching,duo coaching ranking,Broad,"2,500",,,,,,Raih rank lebih tinggi dengan bimbingan dari expert gaming profesional kami. Metode terbukti dan transparan.,Tingkatkan skill bermain dengan coaching personal dari booster berpengalaman. Jadilah versi terbaik dari diri Anda!,https://etnyx.com/order
